{
  "integrations": [
    {
      "id": "aadd3bcb-d536-455f-8c5c-ac47800add22",
      "name": "PER Step 1: Initiate Post Event Reporter",
      "action": "RUN_SCRIPT",
      "type": "INBOUND_WEBHOOK",
      "deployed": true,
      "script": "/**\n * Parse the request body (which contains a JSON object) and extract the payload data.\n */\nvar payload = JSON.parse(request.body);\nconsole.log(\"Initiate Post Event Reporter - payload: \" + JSON.stringify(payload,null,4));\n\nvar per = require('Post Event Reporter');\nper.collectPostEventData(payload.eventId, payload.recipients, payload.includeMessages, payload.includeProperties);\n",
      "environment": "HOSTED",
      "authType": "API_KEY"
    },
    {
      "id": "9df2886c-4110-4034-abd0-e8feb076d984",
      "name": "PER Step 2: Retrieve Targeted Recipients",
      "action": "RUN_SCRIPT",
      "type": "INBOUND_WEBHOOK",
      "deployed": true,
      "script": "/**\n * Parse the request body (which contains a JSON object) and extract the payload data.\n */\nvar payload = JSON.parse(request.body);\nconsole.log('Initiated PER Step 2: Retrieve Targeted Recipients - payload: ' + JSON.stringify(payload,null,4));\n\nvar per = require('Post Event Reporter');\n\n// Get the targeted recipients\nvar eventDetails = payload.properties.eventDetails;\neventDetails.targetedRecips = per.getRecipients(eventDetails.eventId, false /* targeted */);\n\n// Go to the next step (#3 Retrieve resolved recipients)\nvar perResults = per.callNextStep(3, eventDetails);\nconsole.log('PER Step 2: Retrieve Targeted Recipients - After per.callNextSteps(3) - perResults: ' + JSON.stringify(perResults, null, 4));\n\n",
      "environment": "HOSTED",
      "authType": "BASIC"
    },
    {
      "id": "276784e9-7849-440b-85c1-49bbc6f8cae2",
      "name": "PER Step 3: Retrieve Resolved Recipients",
      "action": "RUN_SCRIPT",
      "type": "INBOUND_WEBHOOK",
      "deployed": true,
      "script": "/**\n * Parse the request body (which contains a JSON object) and extract the payload data.\n */\nvar payload = JSON.parse(request.body);\nconsole.log('Initiated PER Step 3: Retrieve Resolved Recipients - payload: ' + JSON.stringify(payload,null,4));\n\nvar per = require('Post Event Reporter');\n\n// Get the targeted recipients\nvar eventDetails = payload.properties.eventDetails;\neventDetails.resolvedRecips = per.getRecipients(eventDetails.eventId, true /* resolved */);\n\n// Go to the next step (#4 Retrieve audit logs)\nvar perResults = per.callNextStep(4, eventDetails);\nconsole.log('PER Step 3: Retrieve Resolved Recipients - After per.callNextSteps(4) - perResults: ' + JSON.stringify(perResults, null, 4));\n\n",
      "environment": "HOSTED",
      "authType": "BASIC"
    },
    {
      "id": "d6f95d8b-36fa-4661-891b-5ed5f13a9357",
      "name": "PER Step 4: Get Audit Logs",
      "action": "RUN_SCRIPT",
      "type": "INBOUND_WEBHOOK",
      "deployed": true,
      "script": "/**\n * Parse the request body (which contains a JSON object) and extract the payload data.\n */\nvar payload = JSON.parse(request.body);\nconsole.log('Initiated PER Step 4: Get Audit Logs - payload: ' + JSON.stringify(payload,null,4));\n\nvar per = require('Post Event Reporter');\n\n// Get the targeted recipients\nvar eventDetails = payload.properties.eventDetails;\neventDetails.auditRecords = per.getAuditLog(eventDetails.eventId);\n\n// Go to the next step (#5 build report)\nvar perResults = per.callNextStep(5, eventDetails);\nconsole.log('PER Step 4: Get Audit Logs - After per.callNextSteps(5) - perResults: ' + JSON.stringify(perResults, null, 4));\n\n",
      "environment": "HOSTED",
      "authType": "BASIC"
    },
    {
      "id": "fd0c699d-3ca6-4063-9d19-2bf0b3efdcd5",
      "name": "PER Step 5: Initiate Post Event Report",
      "action": "CREATE_EVENT",
      "type": "INBOUND_WEBHOOK",
      "deployed": true,
      "form": "089ead7e-56ca-40ea-8047-43f79a4bd7fa",
      "script": "/**\n * Parse incoming data\n *\n * Typically, data is passed into an inbound integration as XML or JSON in the request\n * body, but you can represent the data in another format or include it as a query\n * parameter.\n *\n * The script's built-in request object enables you to access the elements of the\n * request, including the payload contained in the request body and any URL\n * parameters. The following code snippets show how to retrieve these values.\n * Choose the option that matches how your system includes data in the request to\n * the inbound integration URL.\n */\nvar payload = JSON.parse(request.body);  //Use this if the payload is a JSON object in the request body\n\nvar per = require('Post Event Reporter');\nper.buildReport(payload, trigger);\n\n/**\n * Trigger the event\n * Use form.post(trigger) to initiate the event.\n */\nform.post(trigger);\n",
      "environment": "HOSTED",
      "authType": "BASIC"
    },
    {
      "id": "58004366-4654-467d-b9a8-91182dee2ee5",
      "name": "Request Post Event Report",
      "action": "RUN_SCRIPT",
      "type": "OUTBOUND_WEBHOOK",
      "triggeredBy": "STATUS",
      "deployed": true,
      "form": "09709d69-8e43-4a35-9573-9d61e88e714e",
      "script": "/**\n * Parse the payload data\n */\nvar callback = JSON.parse(request.body);\n    \n/** Make sure that this is an \"ACTIVE\" event **/\nif (\"ACTIVE\".equalsIgnoreCase(callback.status)) {\n\n    /**\n     * Load the Post Event Client library\n     */\n    var pec = require('Post Event Client');\n    \n    /**\n     * Form properties are included in the payload when they are marked as\n     * 'Include in Outbound Integrations' on the form layout.\n     *\n     * Transform the eventProperties object so that\n     * you can access form properties using dot notation.\n     */\n    pec.fixupCallback(callback);\n    \n    /** Request the recipients for the current event **/\n    var recipients = pec.getRecipients(callback.eventIdentifier);\n    \n    /** Initiate the report request **/\n    pec.requestPostEventReport(callback.eventProperties[\"Requested Event Id\"], recipients, callback.eventProperties[\"Include Messages\"], callback.eventProperties[\"Include Properties\"]);\n    \n}\n",
      "environment": "HOSTED",
      "authType": "NONE"
    }
  ],
  "endpoints": [
    {
      "name": "PEC_COLLECTOR",
      "baseUrl": "https://YOUR-UNIQUE-INSTANCE.xmatters.com",
      "type": "EXTERNAL",
      "authentication": "NO_AUTH"
    },
    {
      "name": "PER_REPORTER",
      "baseUrl": "https://YOUR-UNIQUE-INSTANCE.xmatters.com",
      "type": "EXTERNAL",
      "authentication": "NO_AUTH"
    }
  ],
  "constants": [
    {
      "name": "PEC_ENDPOINT",
      "value": "PEC_COLLECTOR",
      "description": "Name of the xMatters Endpoint that needs to be used to make REST API calls, including Triggering Events from this integration."
    },
    {
      "name": "PEC_INBOUND_INTEGRATION_URL",
      "value": "<<PUT RELATIVE URL TO THE INBOUND INTEGRATION FOR THE POST EVENT REPORT E.G. /api/integration/1/functions/ece1016d-aa15-4828-abb0-37201cbec6ab/triggers>>",
      "description": "URL to be used to trigger the Post Event Report"
    },
    {
      "name": "PEC_OPT_MOCK_ENABLED",
      "value": "false",
      "description": "If \"true\", then export the mocked functions and variables."
    },
    {
      "name": "PER_ALLOWED_TAGS",
      "value": "<a><b><blockquote><code><del><dd><dl><dt><em><h1><h2><h3><h4><h5><h6><i><img><kbd><li><ol><p><pre><s><sup><sub><strong><strike><ul><br><hr><table><tr><th><td>",
      "description": "Allowed HTML tags per https://help.xmatters.com/ondemand/xmodwelcome/communicationplanbuilder/html_in_properties.htm"
    },
    {
      "name": "PER_AUDIT_TYPES",
      "value": "EVENT_ANNOTATED,RESPONSE_RECEIVED",
      "description": "The types to send to the /audits URL for retrieving the event audit details."
    },
    {
      "name": "PER_DATE_FORMAT",
      "value": "MM/DD/YYYY",
      "description": "A moment-compatible date display format string  (see http://momentjs.com/docs/#/displaying/ and http://momentjs.com/timezone/docs/#/using-timezones/)"
    },
    {
      "name": "PER_ENDPOINT",
      "value": "PER_REPORTER",
      "description": "Name of the xMatters Endpoint that needs to be used to make REST API calls, including Triggering Events from this integration."
    },
    {
      "name": "PER_OPT_MOCK_ENABLED",
      "value": "false",
      "description": "If \"true\", then export the mocked functions and variables."
    },
    {
      "name": "PER_PROPERTIES_MAP",
      "value": "{\n\"eventId\":\"Event ID\",\n\"createdDate\": \"Event Created Date\",\n\"createdTime\": \"Event Created Time\",\n\"terminatedDate\": \"Event Completed Date\",\n\"terminatedTime\": \"Event Completed Time\",\n\"duration\": \"Event Duration\",\n\"displayTimezone\": \"Display Timezone\",\n\"initiator\": \"Message Initiator\",\n\"planName\": \"Source Comm Plan\",\n\"formName\": \"Source Form\",\n\"numTargetedRecips\": \"No. Targeted Recipients\",\n\"targetedRecips\": \"Targeted Recipients\",\n\"numResolvedRecips\": \"No. Resolved Recipients\",\n\"resolvedRecips\": \"Resolved Recipients\",\n\"numResponders\": \"No. Responders\",\n\"responders\": \"Responders\",\n\"numComments\": \"No. Event Comments\",\n\"comments\": \"Event Comments\",\n\"totalUsers\": \"Total Users\",\n\"goodDeliveries\": \"Successful Deliveries\",\n\"badDeliveries\": \"Failed Deliveries\",\n\"properties1\": \"Properties1\",\n\"properties2\": \"Properties2\",\n\"properties3\": \"Properties3\",\n\"properties4\": \"Properties4\",\n\"properties5\": \"Properties5\",\n\"messages\": \"Event Message\"\n}",
      "description": "JSON object with property mappings between /events object and the target Form."
    },
    {
      "name": "PER_STEP_URLS",
      "value": "[\n\"<<PUT RELATIVE URL FOR THE STEP 2 INBOUND INTEGRATION HERE. E.G. /api/integration/1/functions/fc7a4ef3-107e-4817-b311-c574c84c45af/triggers>>\",\n\"<<PUT RELATIVE URL FOR THE STEP 3 INBOUND INTEGRATION HERE. E.G. /api/integration/1/functions/15a49225-28b5-44e8-a304-2b6335c5e7d0/triggers>>\",\n\"<<PUT RELATIVE URL FOR THE STEP 4 INBOUND INTEGRATION HERE. E.G. /api/integration/1/functions/e3b4c2f7-7b3b-4529-a009-5a2a70cab2ec/triggers>>\",\n\"<<PUT RELATIVE URL FOR THE STEP 5 INBOUND INTEGRATION HERE. E.G. /api/integration/1/functions/2313293d-aa2f-458e-a12c-1250902914b0/triggers>>\"\n]",
      "description": "Array of Inbound integration URLs for the Post Event steps relative to PEC_ENDPOINT.  (0 == Step 2)"
    },
    {
      "name": "PER_TIME_FORMAT",
      "value": "h:mm:ss a",
      "description": "A moment-compatible time display format string  (see http://momentjs.com/docs/#/displaying/ and http://momentjs.com/timezone/docs/#/using-timezones/)"
    },
    {
      "name": "PER_TIMEZONE",
      "value": "America/Chicago",
      "description": "A moment-timezone compatible timezone (see http://momentjs.com/timezone/docs/#/using-timezones/)"
    },
    {
      "name": "PER_TIMEZONE_DISPLAY",
      "value": "Central Timezone",
      "description": "Displayable timezone that goes in the report"
    }
  ]
}